2,The Simpsons,https://i.imgur.com/4MNrTGL.jpg
4,Doctor Who,https://i.imgur.com/ymwXysb.jpg
5,The Walking Dead,https://i.imgur.com/yFHBlKc.jpg
6,Friends,https://i.imgur.com/3TOZQpa.jpg
8,The Office,https://i.imgur.com/4M5S9Z4.jpg
9,Game of Thrones,https://i.imgur.com/u8VRoJp.jpg
18,Parks and Recreation,https://i.imgur.com/4M5S9Z4.jpg
26,House of Cards,https://i.imgur.com/cuThyef.jpg
33,Peaky Blinders,https://i.imgur.com/4WCSym0.jpg
34,Breaking Bad,https://i.imgur.com/37E5MGL.jpg
39,Prison Break,https://i.imgur.com/8UNcfr4.jpg
59,Stranger Things,https://i.imgur.com/gWYCqRc.jpg
62,13 Reasons Why,https://i.imgur.com/rpMaRQ4.jpg
68,Narcos,https://i.imgur.com/9kct8Zq.jpg
76,The Witcher,https://i.imgur.com/fO1BRIK.jpg
92,Sense8,https://i.imgur.com/jDxZyhp.jpg
163,The Lord of the Rings: The Two Towers,https://i.imgur.com/7gHpXqt.jpg
164,Gladiator,https://i.imgur.com/WGeE2kR.jpg
192,Pride & Prejudice,https://i.imgur.com/IklKu4L.jpg
193,Harry Potter and the Half-Blood Prince,https://i.imgur.com/Im75Q6V.jpg
202,The Dark Knight,https://i.imgur.com/wa38JIS.jpg
231,21 Jump Street,https://i.imgur.com/IcqG4Gw.jpg
233,Pirates of the Caribbean: On Stranger Tides,https://i.imgur.com/l7asczo.jpg
236,The Great Gatsby,https://i.imgur.com/1DvdDmR.jpg
239,Rise of the Guardians,https://i.imgur.com/00WAZv3.jpg
242,Maleficent,https://i.imgur.com/12R9qch.jpg
254,The Hunger Games: Catching Fire,https://i.imgur.com/6T06CeF.jpg
258,Guardians of the Galaxy,https://i.imgur.com/to2asYB.jpg
268,Avengers: Age of Ultron,https://i.imgur.com/ApDTOOO.jpg
269,The Heat,https://i.imgur.com/denaVNq.jpg
272,Blackfish,https://i.imgur.com/rW65Ykd.jpg
273,John Wick,https://i.imgur.com/8IBVewu.jpg